{
  "optimization_criteria": {
    "energy_resolution_weight": 0.4,
    "linearity_weight": 0.2,
    "compactness_weight": 0.2,
    "cost_weight": 0.2
  },
  "configurations": {
    "baseline": {
      "energy_resolution": 0.081189,
      "linearity": 0.833191,
      "volume_m3": 0.3331711787888556,
      "cost_factor": 0.3331711787888556,
      "total_score": 0.7724777524938791
    },
    "projective": {
      "energy_resolution": 1.26645,
      "linearity": 0.126326,
      "volume_m3": 0.11837377783561519,
      "cost_factor": 0.11837377783561519,
      "total_score": 0.394193838803337
    },
    "tungsten": {
      "energy_resolution": 0.673957,
      "linearity": 0.439712,
      "volume_m3": 0.11195159501949727,
      "cost_factor": 1.679273925292459,
      "total_score": 0.48862286171238284
    }
  },
  "optimal_configuration": "Baseline (Fe)",
  "optimal_score": 0.7724777524938791,
  "justification": "Selected based on weighted multi-criteria analysis considering energy resolution (40%), linearity (20%), compactness (20%), and cost (20%)"
}