{
  "energies": [
    5,
    20,
    50,
    100
  ],
  "muon_efficiency": [
    1.0,
    1.0,
    1.0,
    1.0
  ],
  "muon_efficiency_err": [
    0.0,
    0.0,
    0.0,
    0.0
  ],
  "pion_rejection": [
    1.0,
    1.0,
    1.0,
    1.0
  ],
  "pion_rejection_err": [
    0.0,
    0.0,
    0.0,
    0.0
  ],
  "muon_mean_edep": [
    1814.3018929027742,
    1814.3018929027742,
    1814.3018929027742,
    1814.3018929027742
  ],
  "pion_mean_edep": [
    75217.36700956932,
    75217.36700956932,
    75217.36700956932,
    75217.36700956932
  ],
  "energy_resolution_muon": [
    2.1968388492754123,
    2.1968388492754123,
    2.1968388492754123,
    2.1968388492754123
  ],
  "energy_resolution_pion": [
    0.2551164530612901,
    0.2551164530612901,
    0.2551164530612901,
    0.2551164530612901
  ]
}