{
  "energy_points_gev": [
    10.0,
    100.0,
    200.0
  ],
  "resolutions": [
    0.25720113848278947,
    0.13923343427170082,
    0.07707325355236577
  ],
  "resolution_errors": [
    0.005751192295378543,
    0.008805895574918439,
    0.0019808005822385573
  ],
  "mean_energies_mev": [
    148903.94244230806,
    110513.06881087137,
    165871.04349160005
  ],
  "best_resolution": 0.07707325355236577,
  "worst_resolution": 0.25720113848278947,
  "baseline_performance_plotted": true
}