{
  "cylindrical_muon_5.0gev_resolution": 0.265288911512522,
  "cylindrical_muon_5.0gev_resolution_err": 0.00265288911512522,
  "cylindrical_muon_5.0gev_mean_edep": 62.28633011728967,
  "cylindrical_muon_5.0gev_efficiency": 1.0,
  "cylindrical_muon_5.0gev_efficiency_err": 0.0,
  "cylindrical_pion_5.0gev_resolution": 1.631105643778923,
  "cylindrical_pion_5.0gev_resolution_err": 0.01631105643778923,
  "cylindrical_pion_5.0gev_mean_edep": 184.90937134931357,
  "cylindrical_muon_20.0gev_resolution": 0.314559792573142,
  "cylindrical_muon_20.0gev_resolution_err": 0.00314559792573142,
  "cylindrical_muon_20.0gev_mean_edep": 63.83398125565904,
  "cylindrical_muon_20.0gev_efficiency": 1.0,
  "cylindrical_muon_20.0gev_efficiency_err": 0.0,
  "cylindrical_pion_20.0gev_resolution": 1.964518399568359,
  "cylindrical_pion_20.0gev_resolution_err": 0.01964518399568359,
  "cylindrical_pion_20.0gev_mean_edep": 264.93198936179226,
  "cylindrical_muon_50.0gev_resolution": 0.31399217782089206,
  "cylindrical_muon_50.0gev_resolution_err": 0.0031399217782089204,
  "cylindrical_muon_50.0gev_mean_edep": 65.13058235262336,
  "cylindrical_muon_50.0gev_efficiency": 1.0,
  "cylindrical_muon_50.0gev_efficiency_err": 0.0,
  "cylindrical_pion_50.0gev_resolution": 2.20511590069376,
  "cylindrical_pion_50.0gev_resolution_err": 0.0220511590069376,
  "cylindrical_pion_50.0gev_mean_edep": 330.4777487745272
}