{
  "muon": {
    "5.0": {
      "mean_edep": 5021.324024156426,
      "resolution": 0.004415718367950429,
      "resolution_err": 4.415718367950429e-05,
      "num_events": 5000
    },
    "20.0": {
      "mean_edep": 10417.125687058147,
      "resolution": 0.14290026030596673,
      "resolution_err": 0.0014290026030596673,
      "num_events": 5000
    },
    "50.0": {
      "mean_edep": 11905.39336369262,
      "resolution": 0.33063870586669986,
      "resolution_err": 0.0033063870586669984,
      "num_events": 5000
    }
  },
  "pion": {
    "5.0": {
      "mean_edep": 4414.97853355422,
      "resolution": 0.05638288414020049,
      "resolution_err": 0.0005638288414020049,
      "num_events": 5000
    },
    "20.0": {
      "mean_edep": 17905.649697022032,
      "resolution": 0.040650145539990926,
      "resolution_err": 0.0004065014553999093,
      "num_events": 5000
    },
    "50.0": {
      "mean_edep": 45285.29198844569,
      "resolution": 0.033100549770606745,
      "resolution_err": 0.00033100549770606743,
      "num_events": 5000
    }
  }
}