{
  "shashlik_energy_resolution": 0.036765312703832195,
  "shashlik_energy_resolution_error": 0.0008220973841980537,
  "shashlik_linearity": 4.724367416389333,
  "shashlik_linearity_error": 0.005492650047121452,
  "shashlik_containment_90_radius": 24.242424242424242,
  "shashlik_containment_95_radius": 36.36363636363637,
  "resolution_change_vs_baseline_percent": 6.990986537357616,
  "linearity_change_vs_baseline_percent": 911.6266814821475,
  "containment_change_vs_baseline_percent": -40.61140557955844,
  "resolution_change_vs_projective_percent": 71.90495489705052,
  "linearity_change_vs_projective_percent": 382.7191420844747,
  "containment_change_vs_projective_percent": -75.75757575757575,
  "performance_ranking": [
    "Shashlik\n(BGO)",
    "Projective\n(PbWO4)",
    "Baseline\n(CsI)"
  ],
  "ranking_scores": [
    0.6666666666666666,
    0.37339665504398506,
    0.31246344091158007
  ],
  "overall_scores": [
    0.31246344091158007,
    0.37339665504398506,
    0.6666666666666666
  ]
}