{
  "model_type": "gradient_boosting",
  "ams_score": 58.44296516601561,
  "optimal_threshold": 0.1489795918367347,
  "signal_efficiency": 0.999668618137634,
  "background_rejection": 0.0010502697283620854,
  "weighted_signal": 9017.511695605866,
  "weighted_background": 20972.124018106508,
  "n_estimators": 100,
  "feature_importance": {
    "DER_mass_MMC": 0.01388671125218514,
    "DER_mass_transverse_met_lep": 0.026812190421387397,
    "DER_mass_vis": 0.016630881153809104,
    "DER_pt_h": 0.03382144690399018,
    "DER_deltaeta_jet_jet": 0.033828143392438045,
    "DER_mass_jet_jet": 0.02338106456651193,
    "DER_prodeta_jet_jet": 0.02754085757754969,
    "DER_deltar_tau_lep": 0.03124296290161562,
    "DER_pt_tot": 0.03291850218042517,
    "DER_sum_pt": 0.027141709410971087,
    "DER_pt_ratio_lep_tau": 0.023690523024666885,
    "DER_met_phi_centrality": 0.032311734089403604,
    "DER_lep_eta_centrality": 0.024674530480482626,
    "PRI_tau_pt": 0.012870548972414705,
    "PRI_tau_eta": 0.022748073689907417,
    "PRI_tau_phi": 0.02546725523801776,
    "PRI_lep_pt": 0.015486703109802076,
    "PRI_lep_eta": 0.026015993366223046,
    "PRI_lep_phi": 0.029228478589143757,
    "PRI_met": 0.020084526279339168,
    "PRI_met_phi": 0.02384141005613754,
    "PRI_met_sumet": 0.028554402371212078,
    "PRI_jet_num": 0.0068400905774494685,
    "PRI_jet_leading_pt": 0.02792876333503676,
    "PRI_jet_leading_eta": 0.033597826261623484,
    "PRI_jet_leading_phi": 0.028208315399450706,
    "PRI_jet_subleading_pt": 0.029036432504049303,
    "PRI_jet_subleading_eta": 0.03294374109131989,
    "PRI_jet_subleading_phi": 0.028641341917484256,
    "PRI_jet_all_pt": 0.026593082551963416,
    "mass_ratio_MMC_vis": 0.023693830182686126,
    "pt_ratio_tau_lep": 0.009329190016324582,
    "delta_R_tau_lep": 0.023310336217750867,
    "met_significance": 0.009501447293467448,
    "has_jets": 1.9820066782746617e-05,
    "has_two_jets": 0.001779292846157894,
    "combined_centrality": 0.02552378646207615,
    "log_DER_mass_MMC": 0.016990990108974133,
    "log_DER_mass_vis": 0.011598420556094443,
    "log_PRI_tau_pt": 0.012315585907778983,
    "log_PRI_lep_pt": 0.015710782841419618,
    "log_PRI_met": 0.014332835091739871,
    "DER_pt_ratio_tau_lep": 0.011916262138188593,
    "DER_delta_eta_tau_lep": 0.021446218466636306,
    "DER_delta_phi_tau_lep": 0.025458668360725085,
    "DER_met_significance": 0.011104290777185848
  },
  "training_events": 70000,
  "test_events": 30000
}