{
  "total_events": 100000,
  "signal_events": 30177,
  "background_events": 69823,
  "top_discriminating_variables": [
    [
      "DER_pt_h",
      0.012607726949041638
    ],
    [
      "DER_pt_tot",
      0.011753643298723726
    ],
    [
      "PRI_lep_eta",
      0.009839493487888207
    ],
    [
      "DER_sum_pt",
      0.009298698301367876
    ],
    [
      "PRI_jet_all_pt",
      0.0070844933683582795
    ],
    [
      "log_PRI_tau_pt",
      0.007004482431328791
    ],
    [
      "mass_ratio_MMC_vis",
      0.006976747050006295
    ],
    [
      "PRI_lep_pt",
      0.005858732907468427
    ],
    [
      "log_PRI_lep_pt",
      0.005589557844217527
    ],
    [
      "DER_lep_eta_centrality",
      0.005561459716365609
    ]
  ],
  "event_weights_used": true,
  "plots_created": [
    "kinematic_distributions.png",
    "missing_energy_distributions.png",
    "tau_feature_distributions.png"
  ],
  "best_discriminator": [
    "DER_pt_h",
    0.012607726949041638
  ]
}