{
  "bgo_depth_cm": 22.400000000000002,
  "bgo_depth_m": 0.22400000000000003,
  "bgo_lateral_diameter_cm": 11.15,
  "bgo_lateral_diameter_m": 0.1115,
  "bgo_containment_radius_cm": 5.575,
  "bgo_mass_kg": 15.594705020044017,
  "bgo_20x0_depth_cm": 22.400000000000002,
  "bgo_20x0_diameter_cm": 11.15,
  "pbwo4_depth_cm": 17.8,
  "pbwo4_depth_m": 0.17800000000000002,
  "pbwo4_lateral_diameter_cm": 10.95,
  "pbwo4_lateral_diameter_m": 0.10949999999999999,
  "pbwo4_containment_radius_cm": 5.475,
  "pbwo4_mass_kg": 13.879328625216209,
  "pbwo4_20x0_depth_cm": 17.8,
  "pbwo4_20x0_diameter_cm": 10.95,
  "csi_depth_cm": 37.2,
  "csi_depth_m": 0.37200000000000005,
  "csi_lateral_diameter_cm": 17.849999999999998,
  "csi_lateral_diameter_m": 0.1785,
  "csi_containment_radius_cm": 8.924999999999999,
  "csi_mass_kg": 41.98419244127307,
  "csi_20x0_depth_cm": 37.2,
  "csi_20x0_diameter_cm": 17.849999999999998,
  "shower_max_0.5gev_x0": 3.912023005428146,
  "shower_max_2gev_x0": 5.298317366548036,
  "shower_max_5gev_x0": 6.214608098422191
}