{
  "optimal_pmt_count": 50,
  "barrel_pmts": 35,
  "end_cap_pmts": 15,
  "coverage_improvement": 1.6666666666666667,
  "light_yield_improvement": 1.2909944487358056,
  "expected_light_yield_pe_kev": 2.736908231319908,
  "expected_energy_resolution": 0.027107441493236517,
  "resolution_improvement_factor": 1.1362193664674993,
  "pmt_positions": {
    "x": [
      0.25,
      0.24598239714965742,
      0.2340587176599343,
      0.21461219840046653,
      0.18826786650090274,
      0.1558724504646834,
      0.11846716561824967,
      0.07725424859373686,
      0.033558316454413886,
      -0.011216207587628715,
      -0.055630233489078584,
      -0.09825625791348089,
      -0.1377242453630256,
      -0.17276566224671616,
      -0.20225424859373684,
      -0.22524221697560476,
      -0.2409907151739633,
      -0.24899357349880977,
      -0.24899357349880977,
      -0.24099071517396334,
      -0.2252422169756048,
      -0.2022542485937369,
      -0.1727656622467162,
      -0.13772424536302566,
      -0.09825625791348094,
      -0.05563023348907865,
      -0.011216207587628776,
      0.033558316454413824,
      0.07725424859373681,
      0.11846716561824962,
      0.15587245046468334,
      0.1882678665009027,
      0.2146121984004665,
      0.23405871765993427,
      0.24598239714965742,
      0.0005700929240724882,
      0.005183920116602663,
      -0.15937870798445097,
      -0.048022200010547925,
      -0.1646493026025472,
      0.09241712108403309,
      -0.10114131791051524,
      -0.0005700929240724756,
      -0.005183920116602662,
      0.15937870798445097,
      0.048022200010547945,
      0.16464930260254723,
      -0.09241712108403309,
      0.10114131791051527
    ],
    "y": [
      0.0,
      0.04463922369965916,
      0.08784370602033567,
      0.12822481935147653,
      0.16448468148492815,
      0.19545787061700745,
      0.2201488829641845,
      0.23776412907378838,
      0.24773744044198368,
      0.24974826663532868,
      0.2437319780454559,
      0.22988194313786267,
      0.20864331343032566,
      0.1806987159568479,
      0.1469463130731183,
      0.10847093477938956,
      0.06650921139166881,
      0.022409827225858405,
      -0.022409827225858343,
      -0.06650921139166875,
      -0.1084709347793895,
      -0.14694631307311826,
      -0.18069871595684786,
      -0.20864331343032563,
      -0.22988194313786264,
      -0.2437319780454559,
      -0.24974826663532865,
      -0.2477374404419837,
      -0.2377641290737884,
      -0.22014888296418453,
      -0.19545787061700748,
      -0.1644846814849282,
      -0.1282248193514766,
      -0.08784370602033573,
      -0.04463922369965922,
      0.1277987607652549,
      -0.0007377079243734481,
      -0.011215325180588123,
      -0.18587328731919683,
      -0.043492661535252025,
      0.028221046261027873,
      -0.1652477353142917,
      -0.25,
      -0.25,
      -0.25,
      -0.25,
      -0.25,
      -0.25,
      -0.25
    ],
    "z": [
      -0.12587723485175073,
      0.16012792438768192,
      -0.011631730053865141,
      -0.05188095095496076,
      -0.04427106229950467,
      -0.1531573255343659,
      0.09458605408760118,
      0.04550755845226512,
      -0.14866591664462014,
      0.11098635716596661,
      0.06570492636468456,
      -0.08124395796482775,
      0.23173667023070832,
      0.2451401664461637,
      0.17301976492693355,
      -0.11549471782185267,
      0.10598623127600298,
      -0.12205034330934761,
      -0.22026835841052922,
      0.17628977923075673,
      0.14388831345279451,
      0.21446582349507026,
      -0.021468700363794557,
      -0.21023411555878985,
      0.14781152738304904,
      -0.16244782892402476,
      -0.07887416436012545,
      -0.1370013548209767,
      0.22174365351919118,
      -0.17676768473438242,
      -0.049759453251018104,
      0.22393033448609134,
      -0.11912798900787713,
      -0.23672710780991862,
      0.12753049100109887,
      0.25,
      0.25,
      0.25,
      0.25,
      0.25,
      0.25,
      0.25,
      -0.25,
      -0.25,
      -0.25,
      -0.25,
      -0.25,
      -0.25,
      -0.25
    ]
  }
}